sample,n_epi,MHC-I_r,MHC-I_p,CD47_r,CD47_p,HLA-E_r,HLA-E_p,PD-L1_r,PD-L1_p
TN-0126,1236,0.054,0.055461375509577054,0.118,3.330124287554378e-05,-0.064,0.024545192028545673,0.074,0.009199835579814587
TN-0135,5385,-0.024,0.07978214684729658,0.057,3.196439613519803e-05,-0.004,0.7445372722244,0.007,0.6149261866786481
TN-0106,346,0.213,6.348666191486688e-05,0.227,1.957217083227512e-05,0.222,3.0413314888121625e-05,0.141,0.008852010088697656
TN-0114,623,0.301,1.7066546229284783e-14,0.046,0.24999460037916021,0.213,8.321950805232225e-08,0.065,0.1054232195897917
